{
  "AWSTemplateFormatVersion": "2010-09-09",
  "Parameters": {
    "KeyName": {
      "Description": "Name of an existing EC2 KeyPair to enable SSH access to the instance",
      "Type": "AWS::EC2::KeyPair::KeyName",
      "ConstraintDescription": "must be the name of an existing EC2 KeyPair."
    },
    "InstanceType": {
      "Description": "WebServer EC2 instance type",
      "Type": "String",
      "Default": "t2.nano",
      "AllowedValues": [
        "t1.micro",
        "t2.nano"
      ],
      "ConstraintDescription": "must be a valid EC2 instance type."
    },
    "SSHLocation": {
      "Description": "The IP address range that can be used to SSH to the EC2 instances",
      "Type": "String",
      "MinLength": "9",
      "MaxLength": "18",
      "Default": "0.0.0.0/0",
      "AllowedPattern": "(\\d{1,3})\\.(\\d{1,3})\\.(\\d{1,3})\\.(\\d{1,3})/(\\d{1,2})",
      "ConstraintDescription": "must be a valid IP CIDR range of the form x.x.x.x/x."
    }
  },
  "Mappings": {
    "AWSInstanceType2Arch": {
      "t1.micro": {
        "Arch": "HVM64"
      },
      "t2.nano": {
        "Arch": "HVM64"
      }
    },
    "AWSRegionArch2AMI": {
      "us-east-1": {
        "HVM64": "ami-0b0af3577fe5e3532",
        "HVMG2": "ami-04505e74c0741db8d"
      },
      
      "ap-southeast-2": {
        "HVM64": "ami-02fd0b06f06d93dfc",
        "HVMG2": "ami-0c0ab057a101d8ff2"
      },
      "ap-south-1": {
        "HVM64": "ami-0ad42f4f66f6c1cc9",
        "HVMG2": "ami-0244c1d42815af84a"
      },
      "us-east-2": {
        "HVM64": "ami-0cd3dfa4e37921605",
        "HVMG2": "NOT_SUPPORTED"
      },
      "ca-central-1": {
        "HVM64": "ami-07423fb63ea0a0930",
        "HVMG2": "NOT_SUPPORTED"
      }
    }
  },
  "Resources": {
    "EC2Instance": {
      "Type": "AWS::EC2::Instance",
      "Properties": {
        "InstanceType": {
          "Ref": "InstanceType"
        },
        "SecurityGroups": [
          {
            "Ref": "InstanceSecurityGroup"
          }
        ],
        "KeyName": {
          "Ref": "KeyName"
        },
        "ImageId": {
          "Fn::FindInMap": [
            "AWSRegionArch2AMI",
            {
              "Ref": "AWS::Region"
            },
            {
              "Fn::FindInMap": [
                "AWSInstanceType2Arch",
                {
                  "Ref": "InstanceType"
                },
                "Arch"
              ]
            }
          ]
        }
      }
    },
    "InstanceSecurityGroup": {
      "Type": "AWS::EC2::SecurityGroup",
      "Properties": {
        "GroupDescription": "Enable SSH access via port 22",
        "SecurityGroupIngress": [
          {
            "IpProtocol": "tcp",
            "FromPort": "22",
            "ToPort": "22",
            "CidrIp": {
              "Ref": "SSHLocation"
            }
          }
        ]
      }
    },
    "S3Bucket": {
      "Type": "AWS::S3::Bucket",
      "Properties": {},
      "Metadata": {
        "AWS::CloudFormation::Designer": {
          "id": "72c93f58-e83d-46eb-adc4-a6dd4c8813a9"
        }
      },
      "DependsOn": [
        "EC2Instance"
      ]
    }
  },
  "Outputs": {
    "InstanceId": {
      "Description": "InstanceId of the newly created EC2 instance",
      "Value": {
        "Ref": "EC2Instance"
      }
    },
    "AZ": {
      "Description": "Availability Zone of the newly created EC2 instance",
      "Value": {
        "Fn::GetAtt": [
          "EC2Instance",
          "AvailabilityZone"
        ]
      }
    },
    "PublicDNS": {
      "Description": "Public DNSName of the newly created EC2 instance",
      "Value": {
        "Fn::GetAtt": [
          "EC2Instance",
          "PublicDnsName"
        ]
      }
    },
    "PublicIP": {
      "Description": "Public IP address of the newly created EC2 instance",
      "Value": {
        "Fn::GetAtt": [
          "EC2Instance",
          "PublicIp"
        ]
      }
    }
  }
}